temp,hum,windspeed,yr,workingday,holiday,weekday,season,weathersit,casual
0.344,0.806,0.160,2011,no,no,6,spring,cloudy,331
0.363,0.696,0.249,2011,no,no,0,spring,cloudy,131
0.196,0.437,0.248,2011,yes,no,1,spring,clear,120
0.200,0.590,0.160,2011,yes,no,2,spring,clear,108
0.227,0.437,0.187,2011,yes,no,3,spring,clear,82
0.204,0.518,0.090,2011,yes,no,4,spring,clear,88
0.197,0.499,0.169,2011,yes,no,5,spring,cloudy,148
0.165,0.536,0.267,2011,no,no,6,spring,cloudy,68
0.138,0.434,0.362,2011,no,no,0,spring,clear,54
0.151,0.483,0.223,2011,yes,no,1,spring,clear,41
0.169,0.686,0.122,2011,yes,no,2,spring,cloudy,43
0.173,0.600,0.305,2011,yes,no,3,spring,clear,25
0.165,0.470,0.301,2011,yes,no,4,spring,clear,38
0.161,0.538,0.127,2011,yes,no,5,spring,clear,54
0.233,0.499,0.158,2011,no,no,6,spring,cloudy,222
0.232,0.484,0.188,2011,no,no,0,spring,clear,251
0.176,0.538,0.194,2011,no,yes,1,spring,cloudy,117
0.217,0.862,0.147,2011,yes,no,2,spring,cloudy,9
0.292,0.742,0.208,2011,yes,no,3,spring,cloudy,78
0.262,0.538,0.196,2011,yes,no,4,spring,cloudy,83
0.178,0.457,0.353,2011,yes,no,5,spring,clear,75
0.059,0.400,0.172,2011,no,no,6,spring,clear,93
0.097,0.437,0.247,2011,no,no,0,spring,clear,150
0.097,0.492,0.158,2011,yes,no,1,spring,clear,86
0.223,0.617,0.130,2011,yes,no,2,spring,cloudy,186
0.218,0.862,0.294,2011,yes,no,3,spring,rainy,34
0.195,0.688,0.114,2011,yes,no,4,spring,clear,15
0.203,0.793,0.123,2011,yes,no,5,spring,cloudy,38
0.197,0.652,0.145,2011,no,no,6,spring,clear,123
0.217,0.722,0.074,2011,no,no,0,spring,clear,140
0.181,0.604,0.187,2011,yes,no,1,spring,cloudy,42
0.192,0.830,0.053,2011,yes,no,2,spring,cloudy,47
0.260,0.775,0.264,2011,yes,no,3,spring,cloudy,72
0.187,0.438,0.278,2011,yes,no,4,spring,clear,61
0.211,0.585,0.128,2011,yes,no,5,spring,cloudy,88
0.233,0.929,0.161,2011,no,no,6,spring,cloudy,100
0.286,0.568,0.142,2011,no,no,0,spring,clear,354
0.272,0.738,0.045,2011,yes,no,1,spring,clear,120
0.221,0.538,0.362,2011,yes,no,2,spring,clear,64
0.135,0.495,0.189,2011,yes,no,3,spring,cloudy,53
0.144,0.437,0.222,2011,yes,no,4,spring,clear,47
0.189,0.506,0.109,2011,yes,no,5,spring,clear,149
0.222,0.544,0.203,2011,no,no,6,spring,clear,288
0.317,0.457,0.261,2011,no,no,0,spring,clear,397
0.415,0.376,0.418,2011,yes,no,1,spring,clear,208
0.266,0.314,0.291,2011,yes,no,2,spring,clear,140
0.318,0.423,0.252,2011,yes,no,3,spring,clear,218
0.436,0.505,0.230,2011,yes,no,4,spring,clear,259
0.522,0.517,0.265,2011,yes,no,5,spring,clear,579
0.399,0.188,0.507,2011,no,no,6,spring,clear,532
0.285,0.408,0.223,2011,no,no,0,spring,clear,639
0.303,0.605,0.308,2011,no,yes,1,spring,cloudy,195
0.182,0.578,0.196,2011,yes,no,2,spring,clear,74
0.222,0.423,0.094,2011,yes,no,3,spring,clear,139
0.296,0.697,0.250,2011,yes,no,4,spring,cloudy,100
0.364,0.712,0.347,2011,yes,no,5,spring,cloudy,120
0.282,0.538,0.187,2011,no,no,6,spring,clear,424
0.343,0.680,0.125,2011,no,no,0,spring,clear,694
0.407,0.876,0.290,2011,yes,no,1,spring,cloudy,81
0.267,0.535,0.216,2011,yes,no,2,spring,clear,137
0.335,0.450,0.308,2011,yes,no,3,spring,clear,231
0.198,0.318,0.226,2011,yes,no,4,spring,clear,123
0.262,0.610,0.203,2011,yes,no,5,spring,cloudy,214
0.384,0.789,0.252,2011,no,no,6,spring,cloudy,640
0.377,0.948,0.343,2011,no,no,0,spring,cloudy,114
0.262,0.551,0.341,2011,yes,no,1,spring,clear,244
0.292,0.421,0.121,2011,yes,no,2,spring,clear,316
0.296,0.775,0.220,2011,yes,no,3,spring,cloudy,191
0.389,0.000,0.262,2011,yes,no,4,spring,rainy,46
0.317,0.650,0.233,2011,yes,no,5,spring,cloudy,247
0.329,0.595,0.221,2011,no,no,6,spring,clear,724
0.384,0.527,0.271,2011,no,no,0,spring,clear,982
0.325,0.497,0.137,2011,yes,no,1,spring,clear,359
0.317,0.656,0.184,2011,yes,no,2,spring,cloudy,289
0.365,0.777,0.203,2011,yes,no,3,spring,cloudy,321
0.415,0.603,0.210,2011,yes,no,4,spring,clear,424
0.540,0.525,0.231,2011,yes,no,5,spring,clear,884
0.472,0.379,0.368,2011,no,no,6,spring,clear,1424
0.332,0.474,0.208,2011,no,no,0,spring,clear,1047
0.430,0.737,0.289,2011,yes,no,1,summer,cloudy,401
0.442,0.625,0.226,2011,yes,no,2,summer,clear,460
0.347,0.840,0.234,2011,yes,no,3,summer,cloudy,203
0.285,0.806,0.244,2011,yes,no,4,summer,cloudy,166
0.264,0.495,0.231,2011,yes,no,5,summer,clear,300
0.266,0.394,0.210,2011,no,no,6,summer,clear,981
0.253,0.494,0.184,2011,no,no,0,summer,cloudy,472
0.264,0.302,0.212,2011,yes,no,1,summer,clear,222
0.302,0.314,0.227,2011,yes,no,2,summer,clear,317
0.300,0.647,0.173,2011,yes,no,3,summer,cloudy,168
0.268,0.918,0.218,2011,yes,no,4,summer,rainy,179
0.300,0.686,0.259,2011,yes,no,5,summer,cloudy,307
0.315,0.654,0.197,2011,no,no,6,summer,cloudy,898
0.378,0.480,0.182,2011,no,no,0,summer,clear,1651
0.573,0.426,0.386,2011,yes,no,1,summer,clear,734
0.414,0.642,0.388,2011,yes,no,2,summer,cloudy,167
0.391,0.471,0.263,2011,yes,no,3,summer,clear,413
0.438,0.603,0.162,2011,yes,no,4,summer,clear,571
0.336,0.836,0.227,2011,yes,no,5,summer,cloudy,172
0.342,0.878,0.133,2011,no,no,6,summer,cloudy,879
0.427,0.858,0.147,2011,no,no,0,summer,cloudy,1188
0.596,0.717,0.324,2011,yes,no,1,summer,cloudy,855
0.502,0.739,0.275,2011,yes,no,2,summer,cloudy,257
0.412,0.819,0.251,2011,yes,no,3,summer,cloudy,209
0.468,0.540,0.111,2011,yes,no,4,summer,clear,529
0.447,0.671,0.226,2011,no,yes,5,summer,clear,642
0.431,0.888,0.341,2011,no,no,6,summer,rainy,121
0.457,0.480,0.303,2011,no,no,0,summer,clear,1558
0.512,0.542,0.164,2011,yes,no,1,summer,clear,669
0.506,0.666,0.158,2011,yes,no,2,summer,cloudy,409
0.595,0.614,0.242,2011,yes,no,3,summer,clear,613
0.459,0.407,0.325,2011,yes,no,4,summer,clear,745
0.337,0.730,0.220,2011,yes,no,5,summer,cloudy,177
0.460,0.888,0.231,2011,no,no,6,summer,cloudy,1462
0.582,0.811,0.192,2011,no,no,0,summer,cloudy,1710
0.607,0.777,0.185,2011,yes,no,1,summer,clear,773
0.632,0.729,0.326,2011,yes,no,2,summer,clear,678
0.620,0.835,0.312,2011,yes,no,3,summer,cloudy,547
0.618,0.701,0.321,2011,yes,no,4,summer,cloudy,569
0.510,0.457,0.240,2011,yes,no,5,summer,clear,878
0.472,0.503,0.235,2011,no,no,6,summer,clear,1965
0.452,0.762,0.106,2011,no,no,0,summer,cloudy,1138
0.549,0.730,0.183,2011,yes,no,1,summer,cloudy,847
0.617,0.697,0.343,2011,yes,no,2,summer,cloudy,603
0.414,0.737,0.329,2011,yes,no,3,summer,cloudy,255
0.459,0.444,0.295,2011,yes,no,4,summer,clear,614
0.479,0.590,0.228,2011,yes,no,5,summer,clear,894
0.520,0.541,0.160,2011,no,no,6,summer,clear,1612
0.528,0.632,0.075,2011,no,no,0,summer,clear,1401
0.532,0.589,0.176,2011,yes,no,1,summer,clear,664
0.532,0.489,0.116,2011,yes,no,2,summer,clear,694
0.542,0.633,0.121,2011,yes,no,3,summer,clear,550
0.535,0.748,0.190,2011,yes,no,4,summer,clear,695
0.512,0.863,0.180,2011,yes,no,5,summer,cloudy,692
0.521,0.922,0.135,2011,no,no,6,summer,cloudy,902
0.562,0.867,0.153,2011,no,no,0,summer,cloudy,1582
0.578,0.788,0.127,2011,yes,no,1,summer,clear,773
0.562,0.838,0.277,2011,yes,no,2,summer,cloudy,678
0.550,0.870,0.201,2011,yes,no,3,summer,cloudy,536
0.531,0.830,0.108,2011,yes,no,4,summer,cloudy,735
0.537,0.720,0.125,2011,yes,no,5,summer,clear,909
0.602,0.627,0.121,2011,no,no,6,summer,clear,2258
0.604,0.750,0.148,2011,no,no,0,summer,clear,1576
0.632,0.810,0.234,2011,yes,no,1,summer,cloudy,836
0.660,0.741,0.207,2011,yes,no,2,summer,cloudy,659
0.661,0.696,0.154,2011,yes,no,3,summer,clear,740
0.708,0.678,0.200,2011,yes,no,4,summer,clear,758
0.682,0.654,0.241,2011,yes,no,5,summer,clear,871
0.656,0.730,0.230,2011,no,no,6,summer,clear,2001
0.668,0.819,0.214,2011,no,no,0,summer,clear,2355
0.733,0.685,0.131,2011,no,yes,1,summer,clear,1549
0.775,0.637,0.111,2011,yes,no,2,summer,clear,673
0.764,0.677,0.207,2011,yes,no,3,summer,cloudy,513
0.715,0.305,0.292,2011,yes,no,4,summer,clear,736
0.620,0.354,0.253,2011,yes,no,5,summer,clear,898
0.635,0.456,0.123,2011,no,no,6,summer,clear,1869
0.648,0.652,0.139,2011,no,no,0,summer,cloudy,1685
0.678,0.600,0.122,2011,yes,no,1,summer,clear,673
0.708,0.598,0.188,2011,yes,no,2,summer,clear,763
0.776,0.622,0.137,2011,yes,no,3,summer,clear,676
0.808,0.568,0.150,2011,yes,no,4,summer,cloudy,563
0.755,0.605,0.141,2011,yes,no,5,summer,clear,815
0.725,0.655,0.155,2011,no,no,6,summer,clear,1729
0.692,0.748,0.164,2011,no,no,0,summer,clear,1467
0.635,0.495,0.305,2011,yes,no,1,summer,clear,863
0.604,0.507,0.269,2011,yes,no,2,summer,clear,727
0.627,0.472,0.168,2011,yes,no,3,summer,clear,769
0.628,0.688,0.206,2011,yes,no,4,summer,cloudy,545
0.649,0.736,0.143,2011,yes,no,5,summer,clear,863
0.697,0.670,0.119,2011,no,no,6,summer,clear,1807
0.699,0.667,0.102,2011,no,no,0,summer,cloudy,1639
0.635,0.746,0.155,2011,yes,no,1,summer,cloudy,699
0.681,0.770,0.171,2011,yes,no,2,fall,cloudy,774
0.733,0.708,0.172,2011,yes,no,3,fall,clear,661
0.728,0.703,0.239,2011,yes,no,4,fall,cloudy,746
0.724,0.573,0.222,2011,yes,no,5,fall,clear,969
0.695,0.483,0.210,2011,no,no,6,fall,clear,1782
0.680,0.513,0.095,2011,no,no,0,fall,clear,1920
0.682,0.658,0.108,2011,yes,no,1,fall,cloudy,854
0.744,0.634,0.144,2011,yes,no,2,fall,clear,732
0.728,0.498,0.262,2011,yes,no,3,fall,clear,848
0.697,0.434,0.185,2011,yes,no,4,fall,clear,1027
0.722,0.396,0.103,2011,yes,no,5,fall,clear,1246
0.738,0.445,0.115,2011,no,no,6,fall,clear,2204
0.717,0.682,0.229,2011,no,no,0,fall,cloudy,2282
0.727,0.638,0.081,2011,no,yes,1,fall,cloudy,3065
0.747,0.590,0.126,2011,yes,no,2,fall,clear,1031
0.720,0.743,0.150,2011,yes,no,3,fall,clear,784
0.750,0.651,0.159,2011,yes,no,4,fall,clear,754
0.709,0.758,0.225,2011,yes,no,5,fall,cloudy,692
0.733,0.609,0.168,2011,no,no,6,fall,clear,1988
0.748,0.578,0.183,2011,no,no,0,fall,clear,1743
0.762,0.636,0.282,2011,yes,no,1,fall,clear,723
0.794,0.559,0.200,2011,yes,no,2,fall,clear,662
0.747,0.632,0.146,2011,yes,no,3,fall,clear,748
0.681,0.476,0.241,2011,yes,no,4,fall,clear,888
0.663,0.591,0.183,2011,yes,no,5,fall,clear,1318
0.687,0.585,0.208,2011,no,no,6,fall,clear,2418
0.719,0.604,0.245,2011,no,no,0,fall,clear,2006
0.747,0.651,0.216,2011,yes,no,1,fall,clear,841
0.777,0.650,0.131,2011,yes,no,2,fall,clear,752
0.768,0.707,0.114,2011,yes,no,3,fall,clear,644
0.815,0.691,0.222,2011,yes,no,4,fall,cloudy,632
0.848,0.580,0.133,2011,yes,no,5,fall,clear,562
0.849,0.500,0.131,2011,no,no,6,fall,clear,987
0.830,0.551,0.169,2011,no,no,0,fall,clear,1050
0.743,0.757,0.091,2011,yes,no,1,fall,clear,568
0.772,0.541,0.200,2011,yes,no,2,fall,clear,750
0.775,0.403,0.183,2011,yes,no,3,fall,clear,755
0.779,0.583,0.178,2011,yes,no,4,fall,clear,606
0.838,0.542,0.174,2011,yes,no,5,fall,clear,670
0.804,0.466,0.169,2011,no,no,6,fall,clear,1559
0.806,0.481,0.165,2011,no,no,0,fall,clear,1524
0.772,0.551,0.157,2011,yes,no,1,fall,clear,729
0.783,0.491,0.206,2011,yes,no,2,fall,clear,801
0.732,0.658,0.136,2011,yes,no,3,fall,cloudy,467
0.710,0.758,0.197,2011,yes,no,4,fall,cloudy,799
0.711,0.631,0.185,2011,yes,no,5,fall,clear,1023
0.717,0.755,0.228,2011,no,no,6,fall,cloudy,1521
0.742,0.753,0.201,2011,no,no,0,fall,clear,1298
0.765,0.592,0.192,2011,yes,no,1,fall,clear,846
0.775,0.570,0.151,2011,yes,no,2,fall,clear,907
0.767,0.424,0.200,2011,yes,no,3,fall,clear,884
0.718,0.424,0.165,2011,yes,no,4,fall,clear,812
0.708,0.415,0.126,2011,yes,no,5,fall,clear,1051
0.686,0.730,0.211,2011,no,no,6,fall,cloudy,1504
0.677,0.818,0.223,2011,no,no,0,fall,cloudy,1338
0.666,0.712,0.209,2011,yes,no,1,fall,clear,775
0.701,0.578,0.236,2011,yes,no,2,fall,clear,721
0.723,0.575,0.144,2011,yes,no,3,fall,clear,668
0.712,0.655,0.233,2011,yes,no,4,fall,clear,639
0.685,0.723,0.139,2011,yes,no,5,fall,cloudy,797
0.698,0.674,0.104,2011,no,no,6,fall,clear,1914
0.711,0.770,0.249,2011,no,no,0,fall,clear,1249
0.692,0.470,0.277,2011,yes,no,1,fall,clear,833
0.641,0.455,0.147,2011,yes,no,2,fall,clear,1281
0.673,0.605,0.253,2011,yes,no,3,fall,clear,949
0.684,0.772,0.211,2011,yes,no,4,fall,cloudy,435
0.700,0.761,0.084,2011,yes,no,5,fall,clear,768
0.680,0.850,0.376,2011,no,no,6,fall,cloudy,226
0.707,0.562,0.305,2011,no,no,0,fall,clear,1415
0.637,0.555,0.160,2011,yes,no,1,fall,clear,729
0.639,0.548,0.125,2011,yes,no,2,fall,clear,775
0.657,0.598,0.083,2011,yes,no,3,fall,clear,688
0.655,0.639,0.142,2011,yes,no,4,fall,clear,783
0.643,0.727,0.140,2011,yes,no,5,fall,cloudy,875
0.669,0.717,0.185,2011,no,no,6,fall,clear,1935
0.709,0.742,0.206,2011,no,no,0,fall,clear,2521
0.673,0.790,0.213,2011,no,yes,1,fall,cloudy,1236
0.540,0.887,0.344,2011,yes,no,2,fall,rainy,204
0.599,0.917,0.097,2011,yes,no,3,fall,rainy,118
0.634,0.940,0.193,2011,yes,no,4,fall,rainy,153
0.650,0.898,0.124,2011,yes,no,5,fall,cloudy,417
0.660,0.754,0.154,2011,no,no,6,fall,clear,1750
0.653,0.714,0.115,2011,no,no,0,fall,clear,1633
0.644,0.692,0.089,2011,yes,no,1,fall,clear,690
0.651,0.712,0.142,2011,yes,no,2,fall,clear,701
0.673,0.697,0.167,2011,yes,no,3,fall,clear,647
0.578,0.709,0.271,2011,yes,no,4,fall,cloudy,428
0.469,0.590,0.164,2011,yes,no,5,fall,cloudy,742
0.492,0.718,0.190,2011,no,no,6,fall,cloudy,1434
0.507,0.695,0.178,2011,no,no,0,fall,clear,1353
0.549,0.690,0.152,2011,yes,no,1,fall,cloudy,691
0.562,0.881,0.135,2011,yes,no,2,fall,cloudy,438
0.595,0.900,0.096,2011,yes,no,3,fall,cloudy,539
0.628,0.902,0.128,2011,yes,no,4,fall,cloudy,555
0.609,0.972,0.078,2011,yes,no,5,winter,cloudy,258
0.607,0.862,0.078,2011,no,no,6,winter,cloudy,1776
0.634,0.845,0.050,2011,no,no,0,winter,cloudy,1544
0.649,0.848,0.111,2011,yes,no,1,winter,cloudy,684
0.637,0.885,0.118,2011,yes,no,2,winter,cloudy,477
0.635,0.849,0.149,2011,yes,no,3,winter,cloudy,480
0.617,0.699,0.173,2011,yes,no,4,winter,clear,653
0.564,0.648,0.206,2011,yes,no,5,winter,clear,830
0.410,0.754,0.292,2011,no,no,6,winter,cloudy,480
0.357,0.792,0.222,2011,no,no,0,winter,cloudy,616
0.384,0.761,0.083,2011,yes,no,1,winter,cloudy,330
0.484,0.710,0.206,2011,yes,no,2,winter,clear,486
0.538,0.648,0.177,2011,yes,no,3,winter,clear,559
0.494,0.621,0.135,2011,yes,no,4,winter,clear,639
0.511,0.684,0.022,2011,yes,no,5,winter,clear,949
0.522,0.701,0.045,2011,no,no,6,winter,clear,2235
0.541,0.728,0.063,2011,no,no,0,winter,clear,2397
0.571,0.734,0.042,2011,no,yes,1,winter,clear,1514
0.567,0.809,0.143,2011,yes,no,2,winter,cloudy,667
0.543,0.906,0.248,2011,yes,no,3,winter,rainy,217
0.589,0.897,0.142,2011,yes,no,4,winter,cloudy,290
0.551,0.716,0.224,2011,yes,no,5,winter,cloudy,529
0.507,0.483,0.258,2011,no,no,6,winter,clear,1899
0.512,0.487,0.282,2011,no,no,0,winter,clear,1748
0.534,0.580,0.175,2011,yes,no,1,winter,clear,713
0.532,0.702,0.110,2011,yes,no,2,winter,cloudy,637
0.542,0.895,0.243,2011,yes,no,3,winter,rainy,254
0.476,0.636,0.422,2011,yes,no,4,winter,clear,471
0.428,0.574,0.221,2011,yes,no,5,winter,clear,676
0.422,0.629,0.093,2011,no,no,6,winter,clear,1499
0.422,0.741,0.100,2011,no,no,0,winter,clear,1619
0.463,0.772,0.119,2011,yes,no,1,winter,clear,699
0.472,0.623,0.167,2011,yes,no,2,winter,clear,695
0.484,0.720,0.149,2011,yes,no,3,winter,cloudy,404
0.470,0.813,0.198,2011,yes,no,4,winter,cloudy,240
0.331,0.586,0.229,2011,yes,no,5,winter,cloudy,456
0.254,0.882,0.351,2011,no,no,6,winter,rainy,57
0.319,0.624,0.177,2011,no,no,0,winter,clear,885
0.340,0.703,0.106,2011,yes,no,1,winter,clear,362
0.401,0.684,0.136,2011,yes,no,2,winter,clear,410
0.378,0.719,0.082,2011,yes,no,3,winter,clear,370
0.408,0.702,0.137,2011,yes,no,4,winter,clear,318
0.403,0.622,0.272,2011,yes,no,5,winter,cloudy,470
0.327,0.519,0.189,2011,no,no,6,winter,clear,1156
0.348,0.735,0.092,2011,no,no,0,winter,clear,952
0.395,0.759,0.057,2011,yes,no,1,winter,clear,373
0.408,0.722,0.069,2011,yes,no,2,winter,clear,376
0.400,0.758,0.062,2011,yes,no,3,winter,clear,305
0.380,0.813,0.189,2011,yes,no,4,winter,cloudy,190
0.324,0.446,0.315,2011,no,yes,5,winter,clear,440
0.357,0.553,0.212,2011,no,no,6,winter,clear,1275
0.441,0.458,0.282,2011,no,no,0,winter,clear,1004
0.530,0.587,0.307,2011,yes,no,1,winter,clear,595
0.530,0.689,0.200,2011,yes,no,2,winter,cloudy,449
0.457,0.930,0.137,2011,yes,no,3,winter,rainy,145
0.342,0.576,0.305,2011,yes,no,4,winter,cloudy,139
0.274,0.410,0.169,2011,yes,no,5,winter,clear,245
0.329,0.502,0.224,2011,no,no,6,winter,clear,943
0.463,0.685,0.186,2011,no,no,0,winter,cloudy,787
0.448,0.910,0.138,2011,yes,no,1,winter,rainy,220
0.417,0.962,0.119,2011,yes,no,2,winter,rainy,69
0.441,0.758,0.336,2011,yes,no,3,winter,cloudy,112
0.373,0.549,0.167,2011,no,yes,4,winter,clear,560
0.375,0.644,0.099,2011,yes,no,5,winter,clear,1095
0.376,0.682,0.068,2011,no,no,6,winter,clear,1249
0.459,0.698,0.209,2011,no,no,0,winter,clear,810
0.503,0.743,0.142,2011,yes,no,1,winter,clear,253
0.458,0.831,0.258,2011,yes,no,2,winter,cloudy,96
0.325,0.613,0.271,2011,yes,no,3,winter,clear,188
0.312,0.525,0.220,2011,yes,no,4,winter,clear,182
0.314,0.626,0.101,2011,yes,no,5,winter,clear,268
0.299,0.613,0.096,2011,no,no,6,winter,clear,706
0.331,0.776,0.084,2011,no,no,0,winter,clear,634
0.386,0.827,0.062,2011,yes,no,1,winter,cloudy,233
0.462,0.950,0.233,2011,yes,no,2,winter,rainy,126
0.410,0.970,0.266,2011,yes,no,3,winter,rainy,50
0.266,0.580,0.240,2011,yes,no,4,winter,clear,150
0.291,0.696,0.083,2011,yes,no,5,winter,clear,261
0.275,0.507,0.233,2011,no,no,6,winter,clear,502
0.221,0.490,0.067,2011,no,no,0,winter,clear,377
0.238,0.671,0.063,2011,yes,no,1,winter,clear,143
0.282,0.590,0.141,2011,yes,no,2,winter,clear,155
0.318,0.664,0.061,2011,yes,no,3,winter,cloudy,178
0.422,0.634,0.268,2011,yes,no,4,winter,cloudy,181
0.375,0.500,0.261,2011,yes,no,5,winter,cloudy,178
0.258,0.561,0.243,2011,no,no,6,winter,cloudy,275
0.238,0.586,0.170,2011,no,no,0,winter,clear,220
0.277,0.638,0.173,2011,yes,no,1,winter,clear,260
0.386,0.595,0.062,2011,yes,no,2,winter,cloudy,216
0.428,0.858,0.221,2011,yes,no,3,spring,cloudy,107
0.423,0.758,0.047,2011,yes,no,4,spring,cloudy,227
0.373,0.686,0.274,2011,yes,no,5,spring,clear,163
0.302,0.542,0.190,2011,no,no,6,spring,clear,155
0.275,0.681,0.155,2011,no,no,0,spring,clear,303
0.322,0.507,0.239,2011,no,yes,1,spring,clear,430
0.325,0.762,0.188,2011,yes,no,2,spring,cloudy,103
0.299,0.504,0.294,2011,yes,no,3,spring,clear,255
0.248,0.574,0.119,2011,yes,no,4,spring,clear,254
0.312,0.637,0.134,2011,yes,no,5,spring,clear,491
0.410,0.616,0.220,2011,no,no,6,spring,clear,665
0.370,0.692,0.192,2012,no,no,0,spring,clear,686
0.273,0.381,0.330,2012,no,yes,1,spring,clear,244
0.150,0.441,0.366,2012,yes,no,2,spring,clear,89
0.108,0.415,0.185,2012,yes,no,3,spring,cloudy,95
0.266,0.524,0.130,2012,yes,no,4,spring,clear,140
0.334,0.542,0.168,2012,yes,no,5,spring,clear,307
0.393,0.532,0.175,2012,no,no,6,spring,clear,1070
0.338,0.465,0.192,2012,no,no,0,spring,clear,599
0.224,0.702,0.099,2012,yes,no,1,spring,cloudy,106
0.309,0.647,0.188,2012,yes,no,2,spring,clear,173
0.274,0.848,0.131,2012,yes,no,3,spring,cloudy,92
0.382,0.803,0.181,2012,yes,no,4,spring,cloudy,269
0.274,0.507,0.378,2012,yes,no,5,spring,clear,174
0.180,0.458,0.187,2012,no,no,6,spring,clear,333
0.167,0.419,0.251,2012,no,no,0,spring,clear,284
0.190,0.522,0.231,2012,no,yes,1,spring,clear,217
0.373,0.716,0.349,2012,yes,no,2,spring,cloudy,127
0.303,0.443,0.415,2012,yes,no,3,spring,clear,109
0.190,0.498,0.220,2012,yes,no,4,spring,clear,130
0.218,0.450,0.203,2012,yes,no,5,spring,cloudy,115
0.173,0.831,0.223,2012,no,no,6,spring,cloudy,67
0.162,0.796,0.200,2012,no,no,0,spring,cloudy,196
0.218,0.911,0.111,2012,yes,no,1,spring,cloudy,145
0.342,0.836,0.124,2012,yes,no,2,spring,clear,439
0.294,0.644,0.161,2012,yes,no,3,spring,clear,467
0.342,0.770,0.073,2012,yes,no,4,spring,cloudy,244
0.425,0.741,0.343,2012,yes,no,5,spring,cloudy,269
0.316,0.543,0.211,2012,no,no,6,spring,clear,775
0.282,0.311,0.240,2012,no,no,0,spring,clear,558
0.269,0.401,0.216,2012,yes,no,1,spring,clear,126
0.390,0.417,0.262,2012,yes,no,2,spring,clear,324
0.469,0.508,0.189,2012,yes,no,3,spring,clear,304
0.399,0.673,0.187,2012,yes,no,4,spring,cloudy,190
0.313,0.527,0.178,2012,yes,no,5,spring,clear,310
0.264,0.780,0.122,2012,no,no,6,spring,cloudy,384
0.266,0.688,0.176,2012,no,no,0,spring,cloudy,318
0.283,0.622,0.154,2012,yes,no,1,spring,clear,206
0.354,0.496,0.147,2012,yes,no,2,spring,clear,199
0.257,0.723,0.134,2012,yes,no,3,spring,cloudy,109
0.265,0.562,0.194,2012,yes,no,4,spring,clear,163
0.281,0.540,0.117,2012,yes,no,5,spring,cloudy,227
0.224,0.731,0.290,2012,no,no,6,spring,rainy,192
0.128,0.465,0.409,2012,no,no,0,spring,clear,73
0.222,0.411,0.167,2012,yes,no,1,spring,clear,94
0.319,0.509,0.141,2012,yes,no,2,spring,cloudy,135
0.348,0.531,0.182,2012,yes,no,3,spring,clear,141
0.317,0.753,0.091,2012,yes,no,4,spring,cloudy,74
0.343,0.635,0.206,2012,yes,no,5,spring,clear,349
0.347,0.535,0.191,2012,no,no,6,spring,clear,1435
0.280,0.516,0.253,2012,no,no,0,spring,cloudy,618
0.280,0.508,0.229,2012,no,yes,1,spring,clear,502
0.288,0.594,0.206,2012,yes,no,2,spring,clear,163
0.396,0.568,0.234,2012,yes,no,3,spring,clear,394
0.454,0.555,0.191,2012,yes,no,4,spring,clear,516
0.408,0.738,0.238,2012,yes,no,5,spring,cloudy,246
0.291,0.396,0.422,2012,no,no,6,spring,clear,317
0.279,0.410,0.205,2012,no,no,0,spring,clear,515
0.367,0.491,0.268,2012,yes,no,1,spring,clear,253
0.359,0.396,0.193,2012,yes,no,2,spring,clear,229
0.344,0.805,0.179,2012,yes,no,3,spring,cloudy,65
0.486,0.615,0.227,2012,yes,no,4,spring,clear,325
0.353,0.657,0.145,2012,yes,no,5,spring,cloudy,246
0.414,0.621,0.161,2012,no,no,6,spring,cloudy,956
0.326,0.403,0.335,2012,no,no,0,spring,clear,710
0.243,0.506,0.229,2012,yes,no,1,spring,clear,203
0.258,0.457,0.201,2012,yes,no,2,spring,clear,221
0.404,0.513,0.346,2012,yes,no,3,spring,clear,432
0.528,0.568,0.442,2012,yes,no,4,spring,clear,486
0.411,0.407,0.415,2012,yes,no,5,spring,cloudy,447
0.288,0.350,0.226,2012,no,no,6,spring,clear,968
0.362,0.477,0.223,2012,no,no,0,spring,clear,1658
0.467,0.489,0.208,2012,yes,no,1,spring,clear,838
0.565,0.618,0.237,2012,yes,no,2,spring,clear,762
0.572,0.507,0.115,2012,yes,no,3,spring,clear,997
0.558,0.580,0.150,2012,yes,no,4,spring,clear,1005
0.436,0.842,0.113,2012,yes,no,5,spring,cloudy,548
0.514,0.756,0.111,2012,no,no,6,spring,cloudy,3155
0.472,0.810,0.127,2012,no,no,0,spring,cloudy,2207
0.545,0.729,0.162,2012,yes,no,1,spring,clear,982
0.561,0.808,0.121,2012,yes,no,2,spring,clear,1051
0.532,0.821,0.090,2012,yes,no,3,summer,cloudy,1122
0.554,0.831,0.118,2012,yes,no,4,summer,clear,1334
0.602,0.694,0.116,2012,yes,no,5,summer,cloudy,2469
0.502,0.885,0.193,2012,no,no,6,summer,cloudy,1033
0.438,0.881,0.221,2012,no,no,0,summer,cloudy,1532
0.446,0.478,0.387,2012,yes,no,1,summer,clear,795
0.323,0.290,0.187,2012,yes,no,2,summer,clear,531
0.484,0.481,0.292,2012,yes,no,3,summer,clear,674
0.494,0.439,0.320,2012,yes,no,4,summer,clear,834
0.370,0.581,0.138,2012,yes,no,5,summer,cloudy,796
0.424,0.738,0.251,2012,no,no,6,summer,cloudy,2301
0.426,0.676,0.172,2012,no,no,0,summer,cloudy,2347
0.434,0.504,0.312,2012,yes,no,1,summer,clear,1208
0.467,0.397,0.100,2012,yes,no,2,summer,clear,1348
0.542,0.470,0.181,2012,yes,no,3,summer,clear,1058
0.435,0.374,0.220,2012,yes,no,4,summer,clear,1192
0.403,0.377,0.300,2012,yes,no,5,summer,clear,1807
0.438,0.254,0.275,2012,no,no,6,summer,clear,3252
0.500,0.276,0.233,2012,no,no,0,summer,clear,2230
0.489,0.318,0.358,2012,yes,no,1,summer,clear,905
0.447,0.435,0.249,2012,yes,no,2,summer,clear,819
0.349,0.470,0.295,2012,yes,no,3,summer,clear,482
0.398,0.466,0.290,2012,yes,no,4,summer,clear,663
0.442,0.408,0.155,2012,yes,no,5,summer,clear,1252
0.495,0.503,0.191,2012,no,no,6,summer,clear,2795
0.607,0.508,0.225,2012,no,no,0,summer,clear,2846
0.664,0.562,0.285,2012,no,yes,1,summer,clear,1198
0.608,0.390,0.274,2012,yes,no,2,summer,clear,989
0.463,0.569,0.168,2012,yes,no,3,summer,cloudy,347
0.498,0.612,0.066,2012,yes,no,4,summer,clear,846
0.527,0.695,0.150,2012,yes,no,5,summer,clear,1340
0.570,0.683,0.284,2012,no,no,6,summer,clear,2541
0.397,0.835,0.345,2012,no,no,0,summer,rainy,120
0.322,0.767,0.303,2012,yes,no,1,summer,cloudy,195
0.413,0.454,0.249,2012,yes,no,2,summer,clear,518
0.477,0.428,0.119,2012,yes,no,3,summer,clear,655
0.498,0.757,0.177,2012,yes,no,4,summer,cloudy,475
0.458,0.401,0.348,2012,yes,no,5,summer,clear,1014
0.377,0.490,0.130,2012,no,no,6,summer,cloudy,1120
0.458,0.587,0.117,2012,no,no,0,summer,clear,2229
0.464,0.570,0.172,2012,yes,no,1,summer,cloudy,665
0.613,0.660,0.156,2012,yes,no,2,summer,cloudy,653
0.564,0.797,0.138,2012,yes,no,3,summer,clear,667
0.560,0.768,0.134,2012,yes,no,4,summer,cloudy,764
0.628,0.735,0.163,2012,yes,no,5,summer,clear,1069
0.622,0.757,0.153,2012,no,no,6,summer,cloudy,2496
0.562,0.740,0.150,2012,no,no,0,summer,cloudy,2135
0.538,0.664,0.231,2012,yes,no,1,summer,cloudy,1008
0.582,0.686,0.296,2012,yes,no,2,summer,cloudy,738
0.575,0.744,0.216,2012,yes,no,3,summer,cloudy,620
0.506,0.552,0.314,2012,yes,no,4,summer,clear,1026
0.533,0.360,0.237,2012,yes,no,5,summer,clear,1319
0.564,0.480,0.123,2012,no,no,6,summer,clear,2622
0.612,0.576,0.225,2012,no,no,0,summer,clear,2172
0.573,0.790,0.213,2012,yes,no,1,summer,cloudy,342
0.612,0.795,0.147,2012,yes,no,2,summer,cloudy,625
0.637,0.698,0.123,2012,yes,no,3,summer,clear,991
0.593,0.520,0.229,2012,yes,no,4,summer,clear,1242
0.564,0.523,0.137,2012,yes,no,5,summer,clear,1521
0.600,0.456,0.084,2012,no,no,6,summer,clear,3410
0.621,0.530,0.254,2012,no,no,0,summer,clear,2704
0.598,0.811,0.233,2012,yes,no,1,summer,cloudy,630
0.615,0.766,0.118,2012,yes,no,2,summer,cloudy,819
0.622,0.775,0.102,2012,yes,no,3,summer,cloudy,766
0.655,0.717,0.173,2012,yes,no,4,summer,clear,1059
0.680,0.747,0.141,2012,yes,no,5,summer,clear,1417
0.692,0.732,0.199,2012,no,no,6,summer,clear,2855
0.690,0.697,0.215,2012,no,no,0,summer,clear,3283
0.712,0.676,0.197,2012,no,yes,1,summer,clear,2557
0.722,0.685,0.295,2012,yes,no,2,summer,clear,880
0.657,0.670,0.134,2012,yes,no,3,summer,cloudy,745
0.680,0.493,0.195,2012,yes,no,4,summer,clear,1100
0.654,0.755,0.238,2012,yes,no,5,summer,cloudy,533
0.583,0.549,0.187,2012,no,no,6,summer,clear,2795
0.602,0.493,0.184,2012,no,no,0,summer,clear,2494
0.598,0.487,0.285,2012,yes,no,1,summer,clear,1071
0.541,0.613,0.210,2012,yes,no,2,summer,cloudy,968
0.554,0.611,0.077,2012,yes,no,3,summer,clear,1027
0.602,0.567,0.157,2012,yes,no,4,summer,clear,1038
0.649,0.468,0.175,2012,yes,no,5,summer,clear,1488
0.711,0.437,0.144,2012,no,no,6,summer,clear,2708
0.727,0.538,0.134,2012,no,no,0,summer,clear,2224
0.721,0.588,0.208,2012,yes,no,1,summer,cloudy,1017
0.653,0.833,0.215,2012,yes,no,2,summer,cloudy,477
0.656,0.582,0.343,2012,yes,no,3,summer,clear,1173
0.648,0.570,0.254,2012,yes,no,4,summer,clear,1180
0.639,0.590,0.177,2012,yes,no,5,summer,clear,1563
0.632,0.504,0.167,2012,no,no,6,summer,clear,2963
0.592,0.599,0.145,2012,no,no,0,summer,clear,2634
0.568,0.778,0.175,2012,yes,no,1,summer,cloudy,653
0.688,0.690,0.148,2012,yes,no,2,summer,clear,968
0.782,0.592,0.114,2012,yes,no,3,summer,clear,872
0.806,0.568,0.119,2012,yes,no,4,fall,clear,778
0.778,0.574,0.183,2012,yes,no,5,fall,clear,964
0.732,0.535,0.180,2012,no,no,6,fall,clear,2657
0.743,0.479,0.146,2012,no,no,0,fall,clear,2551
0.716,0.504,0.300,2012,yes,no,1,fall,clear,1139
0.631,0.373,0.348,2012,yes,no,2,fall,clear,1077
0.698,0.360,0.272,2012,yes,no,3,fall,clear,1077
0.749,0.422,0.172,2012,yes,no,4,fall,clear,921
0.834,0.489,0.165,2012,yes,no,5,fall,clear,829
0.765,0.601,0.161,2012,no,no,6,fall,clear,1455
0.816,0.519,0.169,2012,no,no,0,fall,clear,1421
0.782,0.447,0.195,2012,yes,no,1,fall,clear,904
0.781,0.492,0.126,2012,yes,no,2,fall,clear,1052
0.789,0.539,0.135,2012,no,yes,3,fall,clear,2562
0.828,0.458,0.194,2012,yes,no,4,fall,clear,1405
0.828,0.451,0.146,2012,yes,no,5,fall,clear,1366
0.862,0.492,0.164,2012,no,no,6,fall,clear,1448
0.822,0.574,0.126,2012,no,no,0,fall,clear,1203
0.711,0.683,0.181,2012,yes,no,1,fall,cloudy,998
0.721,0.668,0.152,2012,yes,no,2,fall,cloudy,954
0.717,0.633,0.152,2012,yes,no,3,fall,clear,975
0.716,0.530,0.147,2012,yes,no,4,fall,clear,1032
0.732,0.486,0.081,2012,yes,no,5,fall,cloudy,1511
0.703,0.699,0.144,2012,no,no,6,fall,cloudy,2355
0.746,0.718,0.167,2012,no,no,0,fall,clear,1920
0.763,0.645,0.164,2012,yes,no,1,fall,clear,1088
0.818,0.506,0.114,2012,yes,no,2,fall,clear,921
0.793,0.577,0.137,2012,yes,no,3,fall,clear,799
0.770,0.600,0.165,2012,yes,no,4,fall,clear,888
0.666,0.844,0.209,2012,yes,no,5,fall,cloudy,747
0.596,0.865,0.213,2012,no,no,6,fall,rainy,1264
0.668,0.762,0.094,2012,no,no,0,fall,cloudy,2544
0.742,0.694,0.139,2012,yes,no,1,fall,clear,1135
0.751,0.655,0.211,2012,yes,no,2,fall,clear,1140
0.724,0.450,0.165,2012,yes,no,3,fall,clear,1383
0.777,0.597,0.285,2012,yes,no,4,fall,clear,1036
0.782,0.595,0.153,2012,yes,no,5,fall,clear,1259
0.756,0.613,0.157,2012,no,no,6,fall,clear,2234
0.722,0.624,0.170,2012,no,no,0,fall,clear,2153
0.731,0.669,0.154,2012,yes,no,1,fall,clear,1040
0.713,0.704,0.165,2012,yes,no,2,fall,clear,968
0.718,0.678,0.141,2012,yes,no,3,fall,clear,1074
0.752,0.660,0.129,2012,yes,no,4,fall,clear,983
0.766,0.642,0.216,2012,yes,no,5,fall,cloudy,1328
0.793,0.613,0.257,2012,no,no,6,fall,clear,2345
0.769,0.652,0.290,2012,no,no,0,fall,clear,1707
0.752,0.654,0.129,2012,yes,no,1,fall,cloudy,1233
0.736,0.704,0.117,2012,yes,no,2,fall,cloudy,1278
0.750,0.673,0.111,2012,yes,no,3,fall,cloudy,1263
0.756,0.620,0.156,2012,yes,no,4,fall,clear,1196
0.716,0.716,0.239,2012,yes,no,5,fall,cloudy,1065
0.692,0.733,0.206,2012,no,no,6,fall,cloudy,2247
0.701,0.530,0.123,2012,no,no,0,fall,clear,2182
0.721,0.545,0.136,2012,yes,no,1,fall,clear,1207
0.727,0.687,0.169,2012,yes,no,2,fall,clear,1128
0.707,0.620,0.170,2012,yes,no,3,fall,clear,1198
0.719,0.519,0.142,2012,yes,no,4,fall,clear,1338
0.723,0.571,0.231,2012,yes,no,5,fall,clear,1483
0.678,0.603,0.178,2012,no,no,6,fall,clear,2827
0.636,0.712,0.086,2012,no,no,0,fall,cloudy,1208
0.636,0.734,0.130,2012,yes,no,1,fall,cloudy,1026
0.649,0.674,0.073,2012,yes,no,2,fall,clear,1081
0.668,0.677,0.070,2012,yes,no,3,fall,clear,1094
0.696,0.636,0.085,2012,yes,no,4,fall,clear,1363
0.702,0.615,0.072,2012,yes,no,5,fall,cloudy,1325
0.662,0.713,0.244,2012,no,no,6,fall,cloudy,1829
0.653,0.846,0.229,2012,no,no,0,fall,cloudy,1483
0.703,0.730,0.129,2012,yes,no,1,fall,clear,989
0.728,0.620,0.191,2012,yes,no,2,fall,clear,935
0.685,0.552,0.113,2012,yes,no,3,fall,clear,1177
0.707,0.590,0.077,2012,yes,no,4,fall,clear,1172
0.764,0.588,0.169,2012,yes,no,5,fall,clear,1433
0.753,0.638,0.113,2012,no,no,6,fall,cloudy,2352
0.697,0.815,0.064,2012,no,no,0,fall,cloudy,2613
0.708,0.791,0.151,2012,no,yes,1,fall,clear,1965
0.726,0.755,0.236,2012,yes,no,2,fall,clear,867
0.737,0.741,0.188,2012,yes,no,3,fall,clear,832
0.697,0.810,0.142,2012,yes,no,4,fall,cloudy,611
0.703,0.736,0.172,2012,yes,no,5,fall,clear,1045
0.659,0.799,0.281,2012,no,no,6,fall,cloudy,1557
0.610,0.548,0.224,2012,no,no,0,fall,clear,2570
0.583,0.504,0.259,2012,yes,no,1,fall,clear,1118
0.578,0.520,0.092,2012,yes,no,2,fall,clear,1070
0.599,0.577,0.132,2012,yes,no,3,fall,clear,1050
0.612,0.637,0.083,2012,yes,no,4,fall,clear,1054
0.633,0.672,0.104,2012,yes,no,5,fall,clear,1379
0.608,0.502,0.248,2012,no,no,6,fall,clear,3160
0.580,0.570,0.090,2012,no,no,0,fall,clear,2166
0.581,0.735,0.152,2012,yes,no,1,fall,cloudy,1022
0.623,0.872,0.358,2012,yes,no,2,fall,cloudy,371
0.552,0.537,0.215,2012,yes,no,3,fall,clear,788
0.547,0.618,0.118,2012,yes,no,4,fall,clear,939
0.599,0.669,0.154,2012,yes,no,5,fall,clear,1250
0.650,0.647,0.284,2012,no,no,6,fall,clear,2512
0.529,0.467,0.223,2012,no,no,0,winter,clear,2454
0.514,0.493,0.142,2012,yes,no,1,winter,clear,1001
0.550,0.570,0.236,2012,yes,no,2,winter,clear,845
0.635,0.631,0.244,2012,yes,no,3,winter,clear,787
0.650,0.691,0.134,2012,yes,no,4,winter,cloudy,751
0.619,0.690,0.164,2012,yes,no,5,winter,cloudy,1045
0.542,0.543,0.228,2012,no,no,6,winter,clear,2589
0.527,0.583,0.135,2012,no,no,0,winter,clear,2015
0.521,0.649,0.091,2012,yes,no,1,winter,cloudy,763
0.591,0.872,0.104,2012,yes,no,2,winter,rainy,315
0.658,0.794,0.067,2012,yes,no,3,winter,cloudy,728
0.658,0.723,0.118,2012,yes,no,4,winter,cloudy,891
0.615,0.628,0.106,2012,yes,no,5,winter,clear,1516
0.554,0.664,0.268,2012,no,no,6,winter,clear,3031
0.416,0.708,0.141,2012,no,no,0,winter,cloudy,781
0.383,0.710,0.190,2012,no,yes,1,winter,cloudy,874
0.447,0.762,0.190,2012,yes,no,2,winter,cloudy,601
0.514,0.631,0.188,2012,yes,no,3,winter,clear,780
0.435,0.463,0.182,2012,yes,no,4,winter,clear,834
0.438,0.539,0.235,2012,yes,no,5,winter,clear,1060
0.393,0.495,0.146,2012,no,no,6,winter,clear,2252
0.522,0.640,0.279,2012,no,no,0,winter,clear,2080
0.562,0.708,0.296,2012,yes,no,1,winter,cloudy,760
0.468,0.558,0.182,2012,yes,no,2,winter,clear,922
0.456,0.693,0.101,2012,yes,no,3,winter,clear,979
0.522,0.728,0.237,2012,yes,no,4,winter,cloudy,1008
0.563,0.815,0.135,2012,yes,no,5,winter,cloudy,753
0.484,0.573,0.118,2012,no,no,6,winter,clear,2806
0.464,0.510,0.166,2012,no,no,0,winter,clear,2132
0.488,0.568,0.081,2012,yes,no,1,winter,clear,830
0.544,0.642,0.095,2012,yes,no,2,winter,clear,841
0.588,0.636,0.073,2012,yes,no,3,winter,clear,795
0.550,0.800,0.124,2012,yes,no,4,winter,cloudy,875
0.546,0.807,0.132,2012,yes,no,5,winter,cloudy,1182
0.530,0.720,0.236,2012,no,no,6,winter,cloudy,2643
0.478,0.695,0.398,2012,no,no,0,winter,cloudy,998
0.440,0.880,0.358,2012,yes,no,1,winter,rainy,2
0.318,0.825,0.213,2012,yes,no,2,winter,cloudy,87
0.358,0.667,0.167,2012,yes,no,3,winter,cloudy,419
0.366,0.582,0.157,2012,yes,no,4,winter,cloudy,466
0.355,0.522,0.266,2012,yes,no,5,winter,clear,618
0.343,0.491,0.271,2012,no,no,6,winter,cloudy,1029
0.326,0.533,0.179,2012,no,no,0,winter,clear,1201
0.319,0.494,0.236,2012,yes,no,1,winter,clear,378
0.281,0.567,0.174,2012,yes,no,2,winter,clear,466
0.296,0.548,0.304,2012,yes,no,3,winter,cloudy,326
0.352,0.333,0.348,2012,yes,no,4,winter,clear,340
0.362,0.541,0.215,2012,yes,no,5,winter,clear,709
0.389,0.645,0.058,2012,no,no,6,winter,clear,2090
0.421,0.659,0.128,2012,no,no,0,winter,clear,2290
0.485,0.742,0.174,2012,no,yes,1,winter,clear,1097
0.343,0.663,0.342,2012,yes,no,2,winter,cloudy,327
0.289,0.552,0.200,2012,yes,no,3,winter,clear,373
0.322,0.620,0.153,2012,yes,no,4,winter,cloudy,320
0.345,0.525,0.171,2012,yes,no,5,winter,clear,484
0.325,0.545,0.180,2012,no,no,6,winter,clear,1313
0.342,0.693,0.228,2012,no,no,0,winter,clear,922
0.381,0.623,0.235,2012,yes,no,1,winter,cloudy,449
0.374,0.685,0.083,2012,yes,no,2,winter,cloudy,534
0.353,0.614,0.103,2012,yes,no,3,winter,clear,615
0.340,0.580,0.053,2012,no,yes,4,winter,clear,955
0.368,0.569,0.148,2012,yes,no,5,winter,clear,1603
0.278,0.405,0.377,2012,no,no,6,winter,clear,532
0.246,0.468,0.150,2012,no,no,0,winter,clear,309
0.313,0.535,0.047,2012,yes,no,1,winter,clear,337
0.292,0.787,0.238,2012,yes,no,2,winter,cloudy,123
0.297,0.506,0.211,2012,yes,no,3,winter,clear,198
0.281,0.556,0.116,2012,yes,no,4,winter,clear,243
0.298,0.650,0.058,2012,yes,no,5,winter,clear,362
0.298,0.807,0.060,2012,no,no,6,winter,cloudy,951
0.348,0.823,0.124,2012,no,no,0,winter,cloudy,892
0.452,0.768,0.083,2012,yes,no,1,winter,clear,555
0.476,0.734,0.174,2012,yes,no,2,winter,clear,551
0.438,0.485,0.324,2012,yes,no,3,winter,clear,331
0.256,0.509,0.175,2012,yes,no,4,winter,clear,340
0.321,0.764,0.131,2012,yes,no,5,winter,cloudy,349
0.382,0.911,0.101,2012,no,no,6,winter,cloudy,1153
0.384,0.905,0.158,2012,no,no,0,winter,cloudy,441
0.436,0.925,0.190,2012,yes,no,1,winter,cloudy,329
0.353,0.597,0.296,2012,yes,no,2,winter,cloudy,282
0.298,0.538,0.163,2012,yes,no,3,winter,cloudy,310
0.296,0.486,0.174,2012,yes,no,4,winter,clear,425
0.282,0.643,0.131,2012,yes,no,5,winter,clear,429
0.324,0.650,0.106,2012,no,no,6,winter,clear,767
0.362,0.839,0.101,2012,no,no,0,winter,cloudy,538
0.393,0.907,0.098,2012,yes,no,1,winter,cloudy,212
0.411,0.666,0.221,2012,yes,no,2,winter,clear,433
0.332,0.625,0.184,2012,yes,no,3,winter,clear,333
0.330,0.668,0.132,2012,yes,no,4,winter,cloudy,314
0.327,0.557,0.374,2012,yes,no,5,spring,cloudy,221
0.266,0.441,0.407,2012,no,no,6,spring,clear,205
0.246,0.515,0.133,2012,no,no,0,spring,clear,408
0.231,0.791,0.077,2012,yes,no,1,spring,cloudy,174
0.291,0.735,0.169,2012,no,yes,2,spring,cloudy,440
0.243,0.823,0.317,2012,yes,no,3,spring,rainy,9
0.254,0.653,0.350,2012,yes,no,4,spring,cloudy,247
0.253,0.590,0.155,2012,yes,no,5,spring,cloudy,644
0.253,0.753,0.124,2012,no,no,6,spring,cloudy,159
0.256,0.483,0.351,2012,no,no,0,spring,clear,364
0.216,0.578,0.155,2012,yes,no,1,spring,cloudy,439
